"DateTime","Volume (24h)"
"2013-04-28 20:00:00",0
"2013-04-30 20:00:00",0
"2013-05-02 20:00:00",0
"2013-05-04 20:00:00",0
"2013-05-06 20:00:00",0
"2013-05-08 20:00:00",0
"2013-05-10 20:00:00",0
"2013-05-12 20:00:00",0
"2013-05-14 20:00:00",0
"2013-05-16 20:00:00",0
"2013-05-18 20:00:00",0
"2013-05-20 20:00:00",0
"2013-05-22 20:00:00",0
"2013-05-24 20:00:00",0
"2013-05-26 20:00:00",0
"2013-05-28 20:00:00",0
"2013-05-30 20:00:00",0
"2013-06-01 20:00:00",0
"2013-06-03 20:00:00",0
"2013-06-05 20:00:00",0
"2013-06-07 20:00:00",0
"2013-06-09 20:00:00",0
"2013-06-11 20:00:00",0
"2013-06-13 20:00:00",0
"2013-06-15 20:00:00",0
"2013-06-17 20:00:00",0
"2013-06-19 20:00:00",0
"2013-06-21 20:00:00",0
"2013-06-23 20:00:00",0
"2013-06-25 20:00:00",0
"2013-06-27 20:00:00",0
"2013-06-29 20:00:00",0
"2013-07-01 20:00:00",0
"2013-07-03 20:00:00",0
"2013-07-05 20:00:00",0
"2013-07-07 20:00:00",0
"2013-07-09 20:00:00",0
"2013-07-11 20:00:00",0
"2013-07-13 20:00:00",0
"2013-07-15 20:00:00",0
"2013-07-17 20:00:00",0
"2013-07-19 20:00:00",0
"2013-07-21 20:00:00",0
"2013-07-23 20:00:00",0
"2013-07-25 20:00:00",0
"2013-07-27 20:00:00",0
"2013-07-29 20:00:00",0
"2013-07-31 20:00:00",0
"2013-08-02 20:00:00",0
"2013-08-04 20:00:00",0
"2013-08-06 20:00:00",0
"2013-08-08 20:00:00",0
"2013-08-10 20:00:00",0
"2013-08-12 20:00:00",0
"2013-08-14 20:00:00",0
"2013-08-16 20:00:00",0
"2013-08-18 20:00:00",0
"2013-08-20 20:00:00",0
"2013-08-22 20:00:00",0
"2013-08-24 20:00:00",0
"2013-08-26 20:00:00",0
"2013-08-28 20:00:00",0
"2013-08-30 20:00:00",0
"2013-09-01 20:00:00",0
"2013-09-03 20:00:00",0
"2013-09-05 20:00:00",0
"2013-09-07 20:00:00",0
"2013-09-09 20:00:00",0
"2013-09-11 20:00:00",0
"2013-09-13 20:00:00",0
"2013-09-15 20:00:00",0
"2013-09-17 20:00:00",0
"2013-09-19 20:00:00",0
"2013-09-21 20:00:00",0
"2013-09-23 20:00:00",0
"2013-09-25 20:00:00",0
"2013-09-27 20:00:00",0
"2013-09-29 20:00:00",0
"2013-10-01 20:00:00",0
"2013-10-03 20:00:00",0
"2013-10-05 20:00:00",0
"2013-10-07 20:00:00",0
"2013-10-09 20:00:00",0
"2013-10-11 20:00:00",0
"2013-10-13 20:00:00",0
"2013-10-15 20:00:00",0
"2013-10-17 20:00:00",0
"2013-10-19 20:00:00",0
"2013-10-21 20:00:00",0
"2013-10-23 20:00:00",0
"2013-10-25 20:00:00",0
"2013-10-27 20:00:00",0
"2013-10-29 20:00:00",0
"2013-10-31 20:00:00",0
"2013-11-02 20:00:00",0
"2013-11-04 19:00:00",0
"2013-11-06 19:00:00",0
"2013-11-08 19:00:00",0
"2013-11-10 19:00:00",0
"2013-11-12 19:00:00",0
"2013-11-14 19:00:00",0
"2013-11-16 19:00:00",0
"2013-11-18 19:00:00",0
"2013-11-20 19:00:00",0
"2013-11-22 19:00:00",0
"2013-11-24 19:00:00",0
"2013-11-26 19:00:00",0
"2013-11-28 19:00:00",0
"2013-11-30 19:00:00",0
"2013-12-02 19:00:00",0
"2013-12-04 19:00:00",0
"2013-12-06 19:00:00",0
"2013-12-08 19:00:00",0
"2013-12-10 19:00:00",0
"2013-12-12 19:00:00",0
"2013-12-14 19:00:00",0
"2013-12-16 19:00:00",0
"2013-12-18 19:00:00",0
"2013-12-20 19:00:00",0
"2013-12-22 19:00:00",0
"2013-12-24 19:00:00",0
"2013-12-26 19:00:00",0
"2013-12-28 19:00:00",48907900
"2013-12-30 19:00:00",38049700
"2014-01-01 19:00:00",40160800
"2014-01-03 19:00:00",81151400
"2014-01-05 19:00:00",115640000
"2014-01-07 19:00:00",138380000
"2014-01-09 19:00:00",84935000
"2014-01-11 19:00:00",77831504
"2014-01-13 19:00:00",51027900
"2014-01-15 19:00:00",44852900
"2014-01-17 19:00:00",53525100
"2014-01-19 19:00:00",40296200
"2014-01-21 19:00:00",42872500
"2014-01-23 19:00:00",35572900
"2014-01-25 19:00:00",48678300
"2014-01-27 19:00:00",76038704
"2014-01-29 19:00:00",28626100
"2014-01-31 19:00:00",26735900
"2014-02-02 19:00:00",20631000
"2014-02-04 19:00:00",29317100
"2014-02-06 19:00:00",64001600
"2014-02-08 19:00:00",47547600
"2014-02-10 19:00:00",155130000
"2014-02-12 19:00:00",42317600
"2014-02-14 19:00:00",150948992
"2014-02-16 19:00:00",56690900
"2014-02-18 19:00:00",31291200
"2014-02-20 19:00:00",72914200
"2014-02-22 19:00:00",44184900
"2014-02-24 19:00:00",70473200
"2014-02-26 19:00:00",84957000
"2014-02-28 19:00:00",41190400
"2014-03-02 19:00:00",17991000
"2014-03-04 19:00:00",117840000
"2014-03-06 19:00:00",29649200
"2014-03-08 19:00:00",29520700
"2014-03-10 20:00:00",30191200
"2014-03-12 20:00:00",39007500
"2014-03-14 20:00:00",19430100
"2014-03-16 20:00:00",14757400
"2014-03-18 20:00:00",57312300
"2014-03-20 20:00:00",41059200
"2014-03-22 20:00:00",27724900
"2014-03-24 20:00:00",37327200
"2014-03-26 20:00:00",28701200
"2014-03-28 20:00:00",77960200
"2014-03-30 20:00:00",57272700
"2014-04-01 20:00:00",46153600
"2014-04-03 20:00:00",55351200
"2014-04-05 20:00:00",18466000
"2014-04-07 20:00:00",22470300
"2014-04-09 20:00:00",17768800
"2014-04-11 20:00:00",82780000
"2014-04-13 20:00:00",33532500
"2014-04-15 20:00:00",39255700
"2014-04-17 20:00:00",56428000
"2014-04-19 20:00:00",34599500
"2014-04-21 20:00:00",24732600
"2014-04-23 20:00:00",16910800
"2014-04-25 20:00:00",70743000
"2014-04-27 20:00:00",19197000
"2014-04-29 20:00:00",24215400
"2014-05-01 20:00:00",21087000
"2014-05-03 20:00:00",15728600
"2014-05-05 20:00:00",14042200
"2014-05-07 20:00:00",26609500
"2014-05-09 20:00:00",19218100
"2014-05-11 20:00:00",18677200
"2014-05-13 20:00:00",13307900
"2014-05-15 20:00:00",17674300
"2014-05-17 20:00:00",8752610
"2014-05-19 20:00:00",11624400
"2014-05-21 20:00:00",21359500
"2014-05-23 20:00:00",60082300
"2014-05-25 20:00:00",66033700
"2014-05-27 20:00:00",53544000
"2014-05-29 20:00:00",34990200
"2014-05-31 20:00:00",28599700
"2014-06-02 20:00:00",62372200
"2014-06-04 20:00:00",50044900
"2014-06-06 20:00:00",28446500
"2014-06-08 20:00:00",19269500
"2014-06-10 20:00:00",28640000
"2014-06-12 20:00:00",60570600
"2014-06-14 20:00:00",45400900
"2014-06-16 20:00:00",35789700
"2014-06-18 20:00:00",27310600
"2014-06-20 20:00:00",32135100
"2014-06-22 20:00:00",17434200
"2014-06-24 20:00:00",20744500
"2014-06-26 20:00:00",21691100
"2014-06-28 20:00:00",20899300
"2014-06-30 20:00:00",57495700
"2014-07-02 20:00:00",39509000
"2014-07-04 20:00:00",29852100
"2014-07-06 20:00:00",16171900
"2014-07-08 20:00:00",17316100
"2014-07-10 20:00:00",23773100
"2014-07-12 20:00:00",22945500
"2014-07-14 20:00:00",19852200
"2014-07-16 20:00:00",19798700
"2014-07-18 20:00:00",21413500
"2014-07-20 20:00:00",10060900
"2014-07-22 20:00:00",14471100
"2014-07-24 20:00:00",28235400
"2014-07-26 20:00:00",14420400
"2014-07-28 20:00:00",24583900
"2014-07-30 20:00:00",20851800
"2014-08-01 20:00:00",23311300
"2014-08-03 20:00:00",13398700
"2014-08-05 20:00:00",14709200
"2014-08-07 20:00:00",17345200
"2014-08-09 20:00:00",13552100
"2014-08-11 20:00:00",24281800
"2014-08-13 20:00:00",36166700
"2014-08-15 20:00:00",29892800
"2014-08-17 20:00:00",29830800
"2014-08-19 20:00:00",50040500
"2014-08-21 20:00:00",63732200
"2014-08-23 20:00:00",31784700
"2014-08-25 20:00:00",29356600
"2014-08-27 20:00:00",33560000
"2014-08-29 20:00:00",24190600
"2014-08-31 20:00:00",54543100
"2014-09-02 20:00:00",29098500
"2014-09-04 20:00:00",33808900
"2014-09-06 20:00:00",16567300
"2014-09-08 20:00:00",37717600
"2014-09-10 20:00:00",31660000
"2014-09-12 20:00:00",21347800
"2014-09-14 20:00:00",26191400
"2014-09-16 20:00:00",24826500
"2014-09-18 20:00:00",48948800
"2014-09-20 20:00:00",48403300
"2014-09-22 20:00:00",29298300
"2014-09-24 20:00:00",37438700
"2014-09-26 20:00:00",31482300
"2014-09-28 20:00:00",29856600
"2014-09-30 20:00:00",39877400
"2014-10-02 20:00:00",26077800
"2014-10-04 20:00:00",56975700
"2014-10-06 20:00:00",94177504
"2014-10-08 20:00:00",64939400
"2014-10-10 20:00:00",52625900
"2014-10-12 20:00:00",22310300
"2014-10-14 20:00:00",49813400
"2014-10-16 20:00:00",34271600
"2014-10-18 20:00:00",16099000
"2014-10-20 20:00:00",22132700
"2014-10-22 20:00:00",17030200
"2014-10-24 20:00:00",21478400
"2014-10-26 20:00:00",15134600
"2014-10-28 20:00:00",12009300
"2014-10-30 20:00:00",35190100
"2014-11-01 20:00:00",40233800
"2014-11-03 19:00:00",16610900
"2014-11-05 19:00:00",24976000
"2014-11-07 19:00:00",21309500
"2014-11-09 19:00:00",28088200
"2014-11-11 19:00:00",20359000
"2014-11-13 19:00:00",76714496
"2014-11-15 19:00:00",20737600
"2014-11-17 19:00:00",48107000
"2014-11-19 19:00:00",23665200
"2014-11-21 19:00:00",35848400
"2014-11-23 19:00:00",20157500
"2014-11-25 19:00:00",33405800
"2014-11-27 19:00:00",18358300
"2014-11-29 19:00:00",21887500
"2014-12-01 19:00:00",18326800
"2014-12-03 19:00:00",17803400
"2014-12-05 19:00:00",20166300
"2014-12-07 19:00:00",10542800
"2014-12-09 19:00:00",40250900
"2014-12-11 19:00:00",38125100
"2014-12-13 19:00:00",16109700
"2014-12-15 19:00:00",23971100
"2014-12-17 19:00:00",50791200
"2014-12-19 19:00:00",39027900
"2014-12-21 19:00:00",21688600
"2014-12-23 19:00:00",24383700
"2014-12-25 19:00:00",14804100
"2014-12-27 19:00:00",20751100
"2014-12-29 19:00:00",17615200
"2014-12-31 19:00:00",19576000
"2015-01-02 19:00:00",12185000
"2015-01-04 19:00:00",67376800
"2015-01-06 19:00:00",29736900
"2015-01-08 19:00:00",27683700
"2015-01-10 19:00:00",22634000
"2015-01-12 19:00:00",23171700
"2015-01-14 19:00:00",109935000
"2015-01-16 19:00:00",45393900
"2015-01-18 19:00:00",34893200
"2015-01-20 19:00:00",27722500
"2015-01-22 19:00:00",37634800
"2015-01-24 19:00:00",32240500
"2015-01-26 19:00:00",123363000
"2015-01-28 19:00:00",51540300
"2015-01-30 19:00:00",30963400
"2015-02-01 19:00:00",34635700
"2015-02-03 19:00:00",45923000
"2015-02-05 19:00:00",29451600
"2015-02-07 19:00:00",24302500
"2015-02-09 19:00:00",32644900
"2015-02-11 19:00:00",20785900
"2015-02-13 19:00:00",47792800
"2015-02-15 19:00:00",62543500
"2015-02-17 19:00:00",30396700
"2015-02-19 19:00:00",20216700
"2015-02-21 19:00:00",14517700
"2015-02-23 19:00:00",18952500
"2015-02-25 19:00:00",13936700
"2015-02-27 19:00:00",48276900
"2015-03-01 19:00:00",29280000
"2015-03-03 19:00:00",57888800
"2015-03-05 19:00:00",47097700
"2015-03-07 19:00:00",21263500
"2015-03-09 20:00:00",65404600
"2015-03-11 20:00:00",38805300
"2015-03-13 20:00:00",36117700
"2015-03-15 20:00:00",14282100
"2015-03-17 20:00:00",24798300
"2015-03-19 20:00:00",59475400
"2015-03-21 20:00:00",19979900
"2015-03-23 20:00:00",25999300
"2015-03-25 20:00:00",40901000
"2015-03-27 20:00:00",19774800
"2015-03-29 20:00:00",23473500
"2015-03-31 20:00:00",26604700
"2015-04-02 20:00:00",28773200
"2015-04-04 20:00:00",14203000
"2015-04-06 20:00:00",22670800
"2015-04-08 20:00:00",33278300
"2015-04-10 20:00:00",32473800
"2015-04-12 20:00:00",14017300
"2015-04-14 20:00:00",34897800
"2015-04-16 20:00:00",27154900
"2015-04-18 20:00:00",14419200
"2015-04-20 20:00:00",20465100
"2015-04-22 20:00:00",26240100
"2015-04-24 20:00:00",23569900
"2015-04-26 20:00:00",31099500
"2015-04-28 20:00:00",23510400
"2015-04-30 20:00:00",37512600
"2015-05-02 20:00:00",13931200
"2015-05-04 20:00:00",23638200
"2015-05-06 20:00:00",31753900
"2015-05-08 20:00:00",29659600
"2015-05-10 20:00:00",17203200
"2015-05-12 20:00:00",22206500
"2015-05-14 20:00:00",26736600
"2015-05-16 20:00:00",12506700
"2015-05-18 20:00:00",19467200
"2015-05-20 20:00:00",18036000
"2015-05-22 20:00:00",37984400
"2015-05-24 20:00:00",18456300
"2015-05-26 20:00:00",24847400
"2015-05-28 20:00:00",24622100
"2015-05-30 20:00:00",22109600
"2015-06-01 20:00:00",33737000
"2015-06-03 20:00:00",24032900
"2015-06-05 20:00:00",24551300
"2015-06-07 20:00:00",18779300
"2015-06-09 20:00:00",34299400
"2015-06-11 20:00:00",20929300
"2015-06-13 20:00:00",20494400
"2015-06-15 20:00:00",27361300
"2015-06-17 20:00:00",66409600
"2015-06-19 20:00:00",39030100
"2015-06-21 20:00:00",31256000
"2015-06-23 20:00:00",22359700
"2015-06-25 20:00:00",24965200
"2015-06-27 20:00:00",30521900
"2015-06-29 20:00:00",53162000
"2015-07-01 20:00:00",39329200
"2015-07-03 20:00:00",27245400
"2015-07-05 20:00:00",63410500
"2015-07-07 20:00:00",48125600
"2015-07-09 20:00:00",93158800
"2015-07-11 20:00:00",67371800
"2015-07-13 20:00:00",83701600
"2015-07-15 20:00:00",39779500
"2015-07-17 20:00:00",40065200
"2015-07-19 20:00:00",22514800
"2015-07-21 20:00:00",30531400
"2015-07-23 20:00:00",22932100
"2015-07-25 20:00:00",33663100
"2015-07-27 20:00:00",38978400
"2015-07-29 20:00:00",33942500
"2015-07-31 20:00:00",30379300
"2015-08-02 20:00:00",26412300
"2015-08-04 20:00:00",27792800
"2015-08-06 20:00:00",25029900
"2015-08-08 20:00:00",93907600
"2015-08-10 20:00:00",25435900
"2015-08-12 20:00:00",34352500
"2015-08-14 20:00:00",36489000
"2015-08-16 20:00:00",38239900
"2015-08-18 20:00:00",53813000
"2015-08-20 20:00:00",40046300
"2015-08-22 20:00:00",28689500
"2015-08-24 20:00:00",70485296
"2015-08-26 20:00:00",39820400
"2015-08-28 20:00:00",39206200
"2015-08-30 20:00:00",24912900
"2015-09-01 20:00:00",25291700
"2015-09-03 20:00:00",21571600
"2015-09-05 20:00:00",23573600
"2015-09-07 20:00:00",24270700
"2015-09-09 20:00:00",27144500
"2015-09-11 20:00:00",22597100
"2015-09-13 20:00:00",20265100
"2015-09-15 20:00:00",21787800
"2015-09-17 20:00:00",24634700
"2015-09-19 20:00:00",16163300
"2015-09-21 20:00:00",22483200
"2015-09-23 20:00:00",19722700
"2015-09-25 20:00:00",24482000
"2015-09-27 20:00:00",13780600
"2015-09-29 20:00:00",27903700
"2015-10-01 20:00:00",21767900
"2015-10-03 20:00:00",16422400
"2015-10-05 20:00:00",23867000
"2015-10-07 20:00:00",23306200
"2015-10-09 20:00:00",19572700
"2015-10-11 20:00:00",17629500
"2015-10-13 20:00:00",30873000
"2015-10-15 20:00:00",27449100
"2015-10-17 20:00:00",46482800
"2015-10-19 20:00:00",26890500
"2015-10-21 20:00:00",27085700
"2015-10-23 20:00:00",31131400
"2015-10-25 20:00:00",48452100
"2015-10-27 20:00:00",49622300
"2015-10-29 20:00:00",80225400
"2015-10-31 20:00:00",55306600
"2015-11-02 19:00:00",112804000
"2015-11-04 19:00:00",294500992
"2015-11-06 19:00:00",132852000
"2015-11-08 19:00:00",52651600
"2015-11-10 19:00:00",103802000
"2015-11-12 19:00:00",83156600
"2015-11-14 19:00:00",37851900
"2015-11-16 19:00:00",48405900
"2015-11-18 19:00:00",42880300
"2015-11-20 19:00:00",54581700
"2015-11-22 19:00:00",21743400
"2015-11-24 19:00:00",28142200
"2015-11-26 19:00:00",115671000
"2015-11-28 19:00:00",36078900
"2015-11-30 19:00:00",74521000
"2015-12-02 19:00:00",56597100
"2015-12-04 19:00:00",35243300
"2015-12-06 19:00:00",83270800
"2015-12-08 19:00:00",62346300
"2015-12-10 19:00:00",55890600
"2015-12-12 19:00:00",138726000
"2015-12-14 19:00:00",137050000
"2015-12-16 19:00:00",110348000
"2015-12-18 19:00:00",59986400
"2015-12-20 19:00:00",76729400
"2015-12-22 19:00:00",50818200
"2015-12-24 19:00:00",57357300
"2015-12-26 19:00:00",120821000
"2015-12-28 19:00:00",50615300
"2015-12-30 19:00:00",47689200
"2016-01-01 19:00:00",37064800
"2016-01-03 19:00:00",39163500
"2016-01-05 19:00:00",34198900
"2016-01-07 19:00:00",91408896
"2016-01-09 19:00:00",37946900
"2016-01-11 19:00:00",45089900
"2016-01-13 19:00:00",65190200
"2016-01-15 19:00:00",153138000
"2016-01-17 19:00:00",48622700
"2016-01-19 19:00:00",47133700
"2016-01-21 19:00:00",70344000
"2016-01-23 19:00:00",70185200
"2016-01-25 19:00:00",96335200
"2016-01-27 19:00:00",90280600
"2016-01-29 19:00:00",103727000
"2016-01-31 19:00:00",53740800
"2016-02-02 19:00:00",49254300
"2016-02-04 19:00:00",73667904
"2016-02-06 19:00:00",56600100
"2016-02-08 19:00:00",58552900
"2016-02-10 19:00:00",116720000
"2016-02-12 19:00:00",96979104
"2016-02-14 19:00:00",79079600
"2016-02-16 19:00:00",91191696
"2016-02-18 19:00:00",95036600
"2016-02-20 19:00:00",97162704
"2016-02-22 19:00:00",82108096
"2016-02-24 19:00:00",77926496
"2016-02-26 19:00:00",70127504
"2016-02-28 19:00:00",75463104
"2016-03-01 19:00:00",105433000
"2016-03-03 19:00:00",150828000
"2016-03-05 19:00:00",204124000
"2016-03-07 19:00:00",132986000
"2016-03-09 19:00:00",119325000
"2016-03-11 19:00:00",113189000
"2016-03-13 20:00:00",129645000
"2016-03-15 20:00:00",104266000
"2016-03-17 20:00:00",141106000
"2016-03-19 20:00:00",91831104
"2016-03-21 20:00:00",97353904
"2016-03-23 20:00:00",84733200
"2016-03-25 20:00:00",67491696
"2016-03-27 20:00:00",92000704
"2016-03-29 20:00:00",95844400
"2016-03-31 20:00:00",75749200
"2016-04-02 20:00:00",54137000
"2016-04-04 20:00:00",67338800
"2016-04-06 20:00:00",75903904
"2016-04-08 20:00:00",79017400
"2016-04-10 20:00:00",119721000
"2016-04-12 20:00:00",95943104
"2016-04-14 20:00:00",57835400
"2016-04-16 20:00:00",47818900
"2016-04-18 20:00:00",76294000
"2016-04-20 20:00:00",87923696
"2016-04-22 20:00:00",70717200
"2016-04-24 20:00:00",79191800
"2016-04-26 20:00:00",99953696
"2016-04-28 20:00:00",85900800
"2016-04-30 20:00:00",104166000
"2016-05-02 20:00:00",137212992
"2016-05-04 20:00:00",72663000
"2016-05-06 20:00:00",101140000
"2016-05-08 20:00:00",56660200
"2016-05-10 20:00:00",80446896
"2016-05-12 20:00:00",86099600
"2016-05-14 20:00:00",57969500
"2016-05-16 20:00:00",93174200
"2016-05-18 20:00:00",156319008
"2016-05-20 20:00:00",139076000
"2016-05-22 20:00:00",59645900
"2016-05-24 20:00:00",110814000
"2016-05-26 20:00:00",110233000
"2016-05-28 20:00:00",250108000
"2016-05-30 20:00:00",112182000
"2016-06-01 20:00:00",122548000
"2016-06-03 20:00:00",157708000
"2016-06-05 20:00:00",92674000
"2016-06-07 20:00:00",134367008
"2016-06-09 20:00:00",74707000
"2016-06-11 20:00:00",87758704
"2016-06-13 20:00:00",300067008
"2016-06-15 20:00:00",135144992
"2016-06-17 20:00:00",615500032
"2016-06-19 20:00:00",226472992
"2016-06-21 20:00:00",405700992
"2016-06-23 20:00:00",307464992
"2016-06-25 20:00:00",155906000
"2016-06-27 20:00:00",149298000
"2016-06-29 20:00:00",194646000
"2016-07-01 20:00:00",159047008
"2016-07-03 20:00:00",147204000
"2016-07-05 20:00:00",195032992
"2016-07-07 20:00:00",290512992
"2016-07-09 20:00:00",207394000
"2016-07-11 20:00:00",125907000
"2016-07-13 20:00:00",148978000
"2016-07-15 20:00:00",109900000
"2016-07-17 20:00:00",95647000
"2016-07-19 20:00:00",100783000
"2016-07-21 20:00:00",98464704
"2016-07-23 20:00:00",114263000
"2016-07-25 20:00:00",134680000
"2016-07-27 20:00:00",278750016
"2016-07-29 20:00:00",106035000
"2016-07-31 20:00:00",175607008
"2016-08-02 20:00:00",593628992
"2016-08-04 20:00:00",220046000
"2016-08-06 20:00:00",132278000
"2016-08-08 20:00:00",104756000
"2016-08-10 20:00:00",167422000
"2016-08-12 20:00:00",113319000
"2016-08-14 20:00:00",91214200
"2016-08-16 20:00:00",80478000
"2016-08-18 20:00:00",84673504
"2016-08-20 20:00:00",63850900
"2016-08-22 20:00:00",113745000
"2016-08-24 20:00:00",84729600
"2016-08-26 20:00:00",75086800
"2016-08-28 20:00:00",158423008
"2016-08-30 20:00:00",115772000
"2016-09-01 20:00:00",136452000
"2016-09-03 20:00:00",262272000
"2016-09-05 20:00:00",129974000
"2016-09-07 20:00:00",120364000
"2016-09-09 20:00:00",103359000
"2016-09-11 20:00:00",116087000
"2016-09-13 20:00:00",130141000
"2016-09-15 20:00:00",99438304
"2016-09-17 20:00:00",56705600
"2016-09-19 20:00:00",85705200
"2016-09-21 20:00:00",127748000
"2016-09-23 20:00:00",74273696
"2016-09-25 20:00:00",50342200
"2016-09-27 20:00:00",70395600
"2016-09-29 20:00:00",80018896
"2016-10-01 20:00:00",87448096
"2016-10-03 20:00:00",65700000
"2016-10-05 20:00:00",112519000
"2016-10-07 20:00:00",89699600
"2016-10-09 20:00:00",59375100
"2016-10-11 20:00:00",144547008
"2016-10-13 20:00:00",85610600
"2016-10-15 20:00:00",52566100
"2016-10-17 20:00:00",82007904
"2016-10-19 20:00:00",96017400
"2016-10-21 20:00:00",74933696
"2016-10-23 20:00:00",68805904
"2016-10-25 20:00:00",124958000
"2016-10-27 20:00:00",129561000
"2016-10-29 20:00:00",201996992
"2016-10-31 20:00:00",129297000
"2016-11-02 20:00:00",113837000
"2016-11-04 20:00:00",126540000
"2016-11-06 19:00:00",75006200
"2016-11-08 19:00:00",107595000
"2016-11-10 19:00:00",86677600
"2016-11-12 19:00:00",93616400
"2016-11-14 19:00:00",78944800
"2016-11-16 19:00:00",174356992
"2016-11-18 19:00:00",111038000
"2016-11-20 19:00:00",169604992
"2016-11-22 19:00:00",158980992
"2016-11-24 19:00:00",119350000
"2016-11-26 19:00:00",65053400
"2016-11-28 19:00:00",75703696
"2016-11-30 19:00:00",111976000
"2016-12-02 19:00:00",162223008
"2016-12-04 19:00:00",77783504
"2016-12-06 19:00:00",186526000
"2016-12-08 19:00:00",107275000
"2016-12-10 19:00:00",67985400
"2016-12-12 19:00:00",94480800
"2016-12-14 19:00:00",95662600
"2016-12-16 19:00:00",99339104
"2016-12-18 19:00:00",75142096
"2016-12-20 19:00:00",124717000
"2016-12-22 19:00:00",243860000
"2016-12-24 19:00:00",180072000
"2016-12-26 19:00:00",149052992
"2016-12-28 19:00:00",293616000
"2016-12-30 19:00:00",236040992
"2017-01-01 19:00:00",188274000
"2017-01-03 19:00:00",263236992
"2017-01-05 19:00:00",615907968
"2017-01-07 19:00:00",343017984
"2017-01-09 19:00:00",192399008
"2017-01-11 19:00:00",386102016
"2017-01-13 19:00:00",223600992
"2017-01-15 19:00:00",113635000
"2017-01-17 19:00:00",194284000
"2017-01-19 19:00:00",130782000
"2017-01-21 19:00:00",136883008
"2017-01-23 19:00:00",97353104
"2017-01-25 19:00:00",150236992
"2017-01-27 19:00:00",184704000
"2017-01-29 19:00:00",85046200
"2017-01-31 19:00:00",214916992
"2017-02-02 19:00:00",177143008
"2017-02-04 19:00:00",194102000
"2017-02-06 19:00:00",137586000
"2017-02-08 19:00:00",233024992
"2017-02-10 19:00:00",220735008
"2017-02-12 19:00:00",83813296
"2017-02-14 19:00:00",200404000
"2017-02-16 19:00:00",178374000
"2017-02-18 19:00:00",125530000
"2017-02-20 19:00:00",146864000
"2017-02-22 19:00:00",163139008
"2017-02-24 19:00:00",386668000
"2017-02-26 19:00:00",150510000
"2017-02-28 19:00:00",284716000
"2017-03-02 19:00:00",570705984
"2017-03-04 19:00:00",244251008
"2017-03-06 19:00:00",220022000
"2017-03-08 19:00:00",415950016
"2017-03-10 19:00:00",735966976
"2017-03-12 20:00:00",400392000
"2017-03-14 20:00:00",452431008
"2017-03-16 20:00:00",1222800000
"2017-03-18 20:00:00",1118680064
"2017-03-20 20:00:00",544150016
"2017-03-22 20:00:00",631254016
"2017-03-24 20:00:00",966321024
"2017-03-26 20:00:00",541164032
"2017-03-28 20:00:00",558588032
"2017-03-30 20:00:00",782729024
"2017-04-01 20:00:00",541278016
"2017-04-03 20:00:00",1205040000
"2017-04-05 20:00:00",911342976
"2017-04-07 20:00:00",567630976
"2017-04-09 20:00:00",477324992
"2017-04-11 20:00:00",383667008
"2017-04-13 20:00:00",691377024
"2017-04-15 20:00:00",415431008
"2017-04-17 20:00:00",517019008
"2017-04-19 20:00:00",573859968
"2017-04-21 20:00:00",521179008
"2017-04-23 20:00:00",580958976
"2017-04-25 20:00:00",458903008
"2017-04-27 20:00:00",979403008
"2017-04-29 20:00:00",947835008
"2017-05-01 20:00:00",1571139968
"2017-05-03 20:00:00",1221920000
"2017-05-05 20:00:00",2075820032
"2017-05-07 20:00:00",2381969920
"2017-05-09 20:00:00",2476640000
"2017-05-11 20:00:00",1529709952
"2017-05-13 20:00:00",1098070016
"2017-05-15 20:00:00",1481289984
"2017-05-17 20:00:00",2293519872
"2017-05-19 20:00:00",2667899904
"2017-05-21 20:00:00",2676199936
"2017-05-23 20:00:00",3089890048
"2017-05-25 20:00:00",5551830016
"2017-05-27 20:00:00",4543940096
"2017-05-29 20:00:00",2490530048
"2017-05-31 20:00:00",3922650112
"2017-06-02 20:00:00",3134070016
"2017-06-04 20:00:00",3325080064
"2017-06-06 20:00:00",4285400064
"2017-06-08 20:00:00",2827269888
"2017-06-10 20:00:00",5724980224
"2017-06-12 20:00:00",7365640192
"2017-06-14 20:00:00",4640840192
"2017-06-16 20:00:00",3628110080
"2017-06-18 20:00:00",4392139776
"2017-06-20 20:00:00",5460839936
"2017-06-22 20:00:00",3382970112
"2017-06-24 20:00:00",3010210048
"2017-06-26 20:00:00",5796610048
"2017-06-28 20:00:00",4589420032
"2017-06-30 20:00:00",2797619968
"2017-07-02 20:00:00",3227069952
"2017-07-04 20:00:00",3650040064
"2017-07-06 20:00:00",2597250048
"2017-07-08 20:00:00",3001179904
"2017-07-10 20:00:00",3256410112
"2017-07-12 20:00:00",4307570176
"2017-07-14 20:00:00",2751190016
"2017-07-16 20:00:00",4084709888
"2017-07-18 20:00:00",5824130048
"2017-07-20 20:00:00",5977739776
"2017-07-22 20:00:00",2760440064
"2017-07-24 20:00:00",2150840064
"2017-07-26 20:00:00",2470469888
"2017-07-28 20:00:00",2711520000
"2017-07-30 20:00:00",1695559936
"2017-08-01 20:00:00",3911899904
"2017-08-03 20:00:00",2166850048
"2017-08-05 20:00:00",4790689792
"2017-08-07 20:00:00",3917829888
"2017-08-09 20:00:00",5464659968
"2017-08-11 20:00:00",5143059968
"2017-08-13 20:00:00",6637159936
"2017-08-15 20:00:00",6274880000
"2017-08-17 20:00:00",5850299904
"2017-08-19 20:00:00",8815660032
"2017-08-21 20:00:00",8399569920
"2017-08-23 20:00:00",7502230016
"2017-08-25 20:00:00",4366419968
"2017-08-27 20:00:00",4942949888
"2017-08-29 20:00:00",6228210176
"2017-08-31 20:00:00",5343719936
"2017-09-02 20:00:00",8549033472
"2017-09-04 20:00:00",8387929600
"2017-09-06 20:00:00",6372214784
"2017-09-08 20:00:00",7675353600
"2017-09-10 20:00:00",4418566144
"2017-09-12 20:00:00",4801362944
"2017-09-14 20:00:00",6567738880
"2017-09-16 20:00:00",4540605440
"2017-09-18 20:00:00",5174393856
"2017-09-20 20:00:00",3197688320
"2017-09-22 20:00:00",2840860160
"2017-09-24 20:00:00",2097712896
"2017-09-26 20:00:00",2570651648
"2017-09-28 20:00:00",4319234560
"2017-09-30 20:00:00",2786199808
"2017-10-02 20:00:00",3106045184
"2017-10-04 20:00:00",2510280704
"2017-10-06 20:00:00",2394834688
"2017-10-08 20:00:00",3159786240
"2017-10-10 20:00:00",3462258176
"2017-10-12 20:00:00",5203909632
"2017-10-14 20:00:00",3610716416
"2017-10-16 20:00:00",5073084416
"2017-10-18 20:00:00",5044578304
"2017-10-20 20:00:00",4357414400
"2017-10-22 20:00:00",3651247360
"2017-10-24 20:00:00",5410519552
"2017-10-26 20:00:00",3282238464
"2017-10-28 20:00:00",3232251136
"2017-10-30 20:00:00",3818739200
"2017-11-01 20:00:00",5961729536
"2017-11-03 20:00:00",7559247360
"2017-11-05 19:00:00",4843650048
"2017-11-07 19:00:00",5040909824
"2017-11-09 19:00:00",7048676352
"2017-11-11 19:00:00",14087428096
"2017-11-13 19:00:00",14863025152
"2017-11-15 19:00:00",8288302080
"2017-11-17 19:00:00",11315221504
"2017-11-19 19:00:00",7922857984
"2017-11-21 19:00:00",9219906560
"2017-11-23 19:00:00",13444281344
"2017-11-25 19:00:00",11014281216
"2017-11-27 19:00:00",12939994112
"2017-11-29 19:00:00",24278384640
"2017-12-01 19:00:00",13477820416
"2017-12-03 19:00:00",13981987840
"2017-12-05 19:00:00",15672337408
"2017-12-07 19:00:00",30173585408
"2017-12-09 19:00:00",25167534080
"2017-12-11 19:00:00",23525392384
"2017-12-13 19:00:00",33210693632
"2017-12-15 19:00:00",33449152512
"2017-12-17 19:00:00",29563117568
"2017-12-19 19:00:00",44539883520
"2017-12-21 19:00:00",42199707648
"2017-12-23 19:00:00",32745070592
"2017-12-25 19:00:00",25785724928
"2017-12-27 19:00:00",29451694080
"2017-12-29 19:00:00",37190664192
"2017-12-31 19:00:00",31416518656
"2018-01-02 19:00:00",43249201152
"2018-01-04 19:00:00",67713847296
"2018-01-06 19:00:00",48035467264
"2018-01-08 19:00:00",50421280768
"2018-01-10 19:00:00",53713485824
"2018-01-12 19:00:00",36942569472
"2018-01-14 19:00:00",33718431744
"2018-01-16 19:00:00",57925136384
"2018-01-18 19:00:00",49456119808
"2018-01-20 19:00:00",36185837568
"2018-01-22 19:00:00",32600068096
"2018-01-24 19:00:00",29847877632
"2018-01-26 19:00:00",29008248832
"2018-01-28 19:00:00",26412380160
"2018-01-30 19:00:00",25147754496
"2018-02-01 19:00:00",28487213056
"2018-02-03 19:00:00",23294361600
"2018-02-05 19:00:00",26410778624
"2018-02-07 19:00:00",25514647552
"2018-02-09 19:00:00",19837898752
"2018-02-11 19:00:00",19457486848
"2018-02-13 19:00:00",16896848896
"2018-02-15 19:00:00",25032452096
"2018-02-17 19:00:00",22385408000
"2018-02-19 19:00:00",19399817216
"2018-02-21 19:00:00",23367251968
"2018-02-23 19:00:00",20573513728
"2018-02-25 19:00:00",15180637184
"2018-02-27 19:00:00",17899302912
"2018-03-01 19:00:00",18292068352
"2018-03-03 19:00:00",16394948608
"2018-03-05 19:00:00",17893974016
"2018-03-07 19:00:00",21073948672
"2018-03-09 19:00:00",21059457024
"2018-03-11 20:00:00",14976182272
"2018-03-13 20:00:00",13878729728
"2018-03-15 20:00:00",16623182848
"2018-03-17 20:00:00",10908431360
"2018-03-19 20:00:00",18053300224
"2018-03-21 20:00:00",16237137920
"2018-03-23 20:00:00",17459968000
"2018-03-25 20:00:00",11944108032
"2018-03-27 20:00:00",14687452160
"2018-03-29 20:00:00",16378446848
"2018-03-31 20:00:00",11311711232
"2018-04-02 20:00:00",11134631936
"2018-04-04 20:00:00",12756321280
"2018-04-06 20:00:00",9800367104
"2018-04-08 20:00:00",9043139584
"2018-04-10 20:00:00",10846143488
"2018-04-12 20:00:00",24979789824
"2018-04-14 20:00:00",14822450176
"2018-04-16 20:00:00",16009713664
"2018-04-18 20:00:00",18786093056
"2018-04-20 20:00:00",26496778240
"2018-04-22 20:00:00",21230065664
"2018-04-24 20:00:00",35707777024
"2018-04-26 20:00:00",28180912128
"2018-04-28 20:00:00",25972115456
"2018-04-30 20:00:00",30800865280
"2018-05-02 20:00:00",25080881152
"2018-05-04 20:00:00",26817437696
"2018-05-06 20:00:00",25044385792
"2018-05-08 20:00:00",23231057920
"2018-05-10 20:00:00",22486462464
"2018-05-12 20:00:00",25163669504
"2018-05-14 20:00:00",24148654080
"2018-05-16 20:00:00",21131931648
"2018-05-18 20:00:00",18786744320
"2018-05-20 20:00:00",16875702272
"2018-05-22 20:00:00",16091222016
"2018-05-24 20:00:00",20307857408
"2018-05-26 20:00:00",12889075712
"2018-05-28 20:00:00",16659800064
"2018-05-30 20:00:00",16431029248
"2018-06-01 20:00:00",15590742016
"2018-06-03 20:00:00",16615163904
"2018-06-05 20:00:00",16332468224
"2018-06-07 20:00:00",14837116928
"2018-06-09 20:00:00",12492304384
"2018-06-11 20:00:00",15842665472
"2018-06-13 20:00:00",16305951744
"2018-06-15 20:00:00",13145126912
"2018-06-17 20:00:00",9599320064
"2018-06-19 20:00:00",13264679936
"2018-06-21 20:00:00",11499451392
"2018-06-23 20:00:00",11701473280
"2018-06-25 20:00:00",18264672256
"2018-06-27 20:00:00",10640192512
"2018-06-29 20:00:00",12472551424
"2018-07-01 20:00:00",15038041088
"2018-07-03 20:00:00",15564372992
"2018-07-05 20:00:00",16080091136
"2018-07-07 20:00:00",12176983040
"2018-07-09 20:00:00",12326258688
"2018-07-11 20:00:00",12052092928
"2018-07-13 20:00:00",11931593728
"2018-07-15 20:00:00",10298556416
"2018-07-17 20:00:00",18245163008
"2018-07-19 20:00:00",16560726016
"2018-07-21 20:00:00",11775197184
"2018-07-23 20:00:00",14799787008
"2018-07-25 20:00:00",17537720320
"2018-07-27 20:00:00",16179419136
"2018-07-29 20:00:00",13078498304
"2018-07-31 20:00:00",15398085549.03
"2018-08-02 20:00:00",12435726230.71
"2018-08-04 20:00:00",12103007752.44
"2018-08-06 20:00:00",11672704696.56
"2018-08-08 20:00:00",15595461702.61
"2018-08-10 20:00:00",13187802320.99
"2018-08-12 20:00:00",14763847222.89
"2018-08-14 20:00:00",15546976807.53
"2018-08-16 20:00:00",12752030940.86
"2018-08-18 20:00:00",13669597748.39
"2018-08-20 20:00:00",11373659455.03
"2018-08-22 20:00:00",13290211072.08
"2018-08-24 20:00:00",12004427637.9
"2018-08-26 20:00:00",9673622662.73
"2018-08-28 20:00:00",13673100367.33
"2018-08-30 20:00:00",12861639083.44
"2018-09-01 20:00:00",13174388392.35
"2018-09-03 20:00:00",12071737953.36
"2018-09-05 20:00:00",17856404670.96
"2018-09-07 20:00:00",12671676559.15
"2018-09-09 20:00:00",11121511414.58
"2018-09-11 20:00:00",11280664804.74
"2018-09-13 20:00:00",13719770142.05
"2018-09-15 20:00:00",10216043138.07
"2018-09-17 20:00:00",12529754718.32
"2018-09-19 20:00:00",12599282347.65
"2018-09-21 20:00:00",24211812354.56
"2018-09-23 20:00:00",13862892963.94
"2018-09-25 20:00:00",16209845559.4
"2018-09-27 20:00:00",16227365506.59
"2018-09-29 20:00:00",15186966539.45
"2018-10-01 20:00:00",14482727709.97
"2018-10-03 20:00:00",13317684588.09
"2018-10-05 20:00:00",11952121420.64
"2018-10-07 20:00:00",11557426733.33
"2018-10-09 20:00:00",11078491698.46
"2018-10-11 20:00:00",16305029483.08
"2018-10-13 20:00:00",9320114380.49
"2018-10-15 20:00:00",22241976013.37
"2018-10-17 20:00:00",12202797371.5
"2018-10-19 20:00:00",10420362238.06
"2018-10-21 20:00:00",9942520526.42
"2018-10-23 20:00:00",10556706205.05
"2018-10-25 20:00:00",8992023493.23
"2018-10-27 20:00:00",9349406809.37
"2018-10-29 20:00:00",11886887686.49
"2018-10-31 20:00:00",11463369386.39
"2018-11-02 20:00:00",12007302520.72
"2018-11-04 19:00:00",14211012397.87
"2018-11-06 19:00:00",15498325079.73
"2018-11-08 19:00:00",14136987663.14
"2018-11-10 19:00:00",11431610535.31
"2018-11-12 19:00:00",13010866246.88
"2018-11-14 19:00:00",21717252171.29
"2018-11-16 19:00:00",15443789910.77
"2018-11-18 19:00:00",13385680271.18
"2018-11-20 19:00:00",24209900472.9
"2018-11-22 19:00:00",13225770449.67
"2018-11-24 19:00:00",13871091783.09
"2018-11-26 19:00:00",18625779631.97
"2018-11-28 19:00:00",20292726471.29
"2018-11-30 19:00:00",16736131821.27
"2018-12-02 19:00:00",14163045275.11
"2018-12-04 19:00:00",13654973838.26
"2018-12-06 19:00:00",16201658770
"2018-12-08 19:00:00",14818260802.36
"2018-12-10 19:00:00",13439441377.26
"2018-12-12 19:00:00",11280164965.85
"2018-12-14 19:00:00",11613525693.29
"2018-12-16 19:00:00",10451759325.59
"2018-12-18 19:00:00",17696193889.42
"2018-12-20 19:00:00",26728184543.26
"2018-12-22 19:00:00",17008730918.04
"2018-12-24 19:00:00",25864885114.14
"2018-12-26 19:00:00",17212043187.34
"2018-12-28 19:00:00",18394389716.15
"2018-12-30 19:00:00",14739270709
"2019-01-01 19:00:00",13344108770.37
"2019-01-03 19:00:00",14086272722.41
"2019-01-05 19:00:00",16819459470.85
"2019-01-07 19:00:00",16043399832.34
"2019-01-09 19:00:00",15685761824.72
"2019-01-11 19:00:00",16889704504.34
"2019-01-13 19:00:00",14358194396.64
"2019-01-15 19:00:00",16593613039.91
"2019-01-17 19:00:00",16665636112.61
"2019-01-19 19:00:00",16988506302.51
"2019-01-21 19:00:00",14727787568.59
"2019-01-23 19:00:00",15448980922.31
"2019-01-25 19:00:00",15352015883.43
"2019-01-27 19:00:00",16687111036.75
"2019-01-29 19:00:00",17458608433.75
"2019-01-31 19:00:00",17195336439.88
"2019-02-02 19:00:00",15388407404.85
"2019-02-04 19:00:00",15766148590.72
"2019-02-06 19:00:00",16887950117.44
"2019-02-08 19:00:00",24310668849.38
"2019-02-10 19:00:00",20097521326.44
"2019-02-12 19:00:00",20245229108.38
"2019-02-14 19:00:00",19400197992.29
"2019-02-16 19:00:00",18370934200.05
"2019-02-18 19:00:00",32710091806.2
"2019-02-20 19:00:00",29027715694.85
"2019-02-22 19:00:00",24619942535.17
"2019-02-24 19:00:00",38387016672.76
"2019-02-26 19:00:00",25941562975.51
"2019-02-28 19:00:00",27054067754.58
"2019-03-02 19:00:00",23588484426.06
"2019-03-04 19:00:00",28634418362.99
"2019-03-06 19:00:00",30453421175.41
"2019-03-08 19:00:00",33191205926.34
"2019-03-10 20:00:00",30680023336.25
"2019-03-12 20:00:00",31085108270.74
"2019-03-14 20:00:00",32929303498.32
"2019-03-16 20:00:00",32681086285.33
"2019-03-18 20:00:00",31622052175.63
"2019-03-20 20:00:00",33511854508.58
"2019-03-22 20:00:00",29981972885.27
"2019-03-24 20:00:00",29921125698.77
"2019-03-26 20:00:00",34050895465.5
"2019-03-28 20:00:00",30890758979.41
"2019-03-30 20:00:00",33185593890.96
"2019-04-01 20:00:00",33767676132.55
"2019-04-03 20:00:00",87070782030.91
"2019-04-05 20:00:00",56393137257.76
"2019-04-07 20:00:00",57256577321.55
"2019-04-09 20:00:00",50581540548.13
"2019-04-11 20:00:00",59235989496.62
"2019-04-13 20:00:00",37302522280.09
"2019-04-15 20:00:00",44501452474.67
"2019-04-17 20:00:00",40572366661.26
"2019-04-19 20:00:00",45330990910.77
"2019-04-21 20:00:00",45089833285.3
"2019-04-23 20:00:00",49992820352.34
"2019-04-25 20:00:00",49153188887.73
"2019-04-27 20:00:00",39347279825.95
"2019-04-29 20:00:00",43639997346.39
"2019-05-01 20:00:00",42518100544.59
"2019-05-03 20:00:00",57862248571.2
"2019-05-05 20:00:00",44970788075.22
"2019-05-07 20:00:00",56208945718.23
"2019-05-09 20:00:00",48513450532.8
"2019-05-11 20:00:00",93117525240.5
"2019-05-13 20:00:00",84401718219.96
"2019-05-15 20:00:00",94944471505.64
"2019-05-17 20:00:00",106114176365.29
"2019-05-19 20:00:00",86924304504.74
"2019-05-21 20:00:00",79660068430.14
"2019-05-23 20:00:00",74344442445.08
"2019-05-25 20:00:00",67590272374.66
"2019-05-27 20:00:00",94150561814.07
"2019-05-29 20:00:00",80022506327.31
"2019-05-31 20:00:00",85902727151.23
"2019-06-02 20:00:00",68552329624.79
"2019-06-04 20:00:00",84047373489.83
"2019-06-06 20:00:00",66150805492.17
"2019-06-08 20:00:00",57554360136.11
"2019-06-10 20:00:00",65672989285.14
"2019-06-12 20:00:00",65942939204.01
"2019-06-14 20:00:00",66232827773.08
"2019-06-16 20:00:00",76530317501.5
"2019-06-18 20:00:00",54163293705
"2019-06-20 20:00:00",57122024129.58
"2019-06-22 20:00:00",97628667921.7
"2019-06-24 20:00:00",63894143297.56
"2019-06-26 20:00:00",135560510481.19
"2019-06-28 20:00:00",102276151758.05
"2019-06-30 20:00:00",85978151092.29
"2019-07-02 20:00:00",93049419137.53
"2019-07-04 20:00:00",77166414037.98
"2019-07-06 20:00:00",64319958505.82
"2019-07-08 20:00:00",71284000103.44
"2019-07-10 20:00:00",100284818510.72
"2019-07-12 20:00:00",71447440334.21
"2019-07-14 20:00:00",71763929239.68
"2019-07-16 20:00:00",77730597327.4
"2019-07-18 20:00:00",79976217332.47
"2019-07-20 20:00:00",64464014670.54
"2019-07-22 20:00:00",53405046567.6
"2019-07-24 20:00:00",58686111796.24
"2019-07-26 20:00:00",47472336235.21
"2019-07-28 20:00:00",45281903903.39
"2019-07-30 20:00:00",45334184824
"2019-08-01 20:00:00",52056416146.22
"2019-08-03 20:00:00",47437208126.55
"2019-08-05 20:00:00",69996181944.44
"2019-08-07 20:00:00",63225110461.04
"2019-08-09 20:00:00",56418736138.09
"2019-08-11 20:00:00",50011059278.29
"2019-08-13 20:00:00",51187934486.84
"2019-08-15 20:00:00",70590426695.35
"2019-08-17 20:00:00",43057925279.38
"2019-08-19 20:00:00",50179385477.84
"2019-08-21 20:00:00",62321175494.49
"2019-08-23 20:00:00",52169183627.65
"2019-08-25 20:00:00",47021612543.53
"2019-08-27 20:00:00",48271307930.24
"2019-08-29 20:00:00",57478192504.52
"2019-08-31 20:00:00",41292802083.99
"2019-09-02 20:00:00",54787672672.73
"2019-09-04 20:00:00",51540830726.96
"2019-09-06 20:00:00",60854673189.5
"2019-09-08 20:00:00",49257739984.09
"2019-09-10 20:00:00",51027850751.86
"2019-09-12 20:00:00",49208808655.57
"2019-09-14 20:00:00",48236930736.64
"2019-09-16 20:00:00",54257184615.72
"2019-09-18 20:00:00",63307730834.16
"2019-09-20 20:00:00",55000427193.54
"2019-09-22 20:00:00",50020652772.9
"2019-09-24 20:00:00",89540043042.05
"2019-09-26 20:00:00",64866100782.93
"2019-09-28 20:00:00",49521769264.26
"2019-09-30 20:00:00",59824492652.15
"2019-10-02 20:00:00",46323386726.19
"2019-10-04 20:00:00",45701752759.62
"2019-10-06 20:00:00",45576683672.72
"2019-10-08 20:00:00",54602434057.81
"2019-10-10 20:00:00",60798231102.03
"2019-10-12 20:00:00",50264062377.65
"2019-10-14 20:00:00",52906260188.17
"2019-10-16 20:00:00",57766014699.27
"2019-10-18 20:00:00",57480646179.3
"2019-10-20 20:00:00",55093479570.56
"2019-10-22 20:00:00",58330830763.15
"2019-10-24 20:00:00",60204655536.68
"2019-10-26 20:00:00",139892772178.44
"2019-10-28 20:00:00",104082242804.65
"2019-10-30 20:00:00",92322077476.98
"2019-11-01 20:00:00",79799402513.12
"2019-11-03 19:00:00",71828101671.97
"2019-11-05 19:00:00",89143857563.66
"2019-11-07 19:00:00",79574469657.17
"2019-11-09 19:00:00",61294428276.85
"2019-11-11 19:00:00",69350696583.76
"2019-11-13 19:00:00",61510440122.75
"2019-11-15 19:00:00",74577769595.27
"2019-11-17 19:00:00",63309924941.75
"2019-11-19 19:00:00",70924589549.28
"2019-11-21 19:00:00",77641891187.36
"2019-11-23 19:00:00",73459719027.4
"2019-11-25 19:00:00",118878664654.07
"2019-11-27 19:00:00",80818189849.23
"2019-11-29 19:00:00",66908306202.87
"2019-12-01 19:00:00",63018744034.76
"2019-12-03 19:00:00",52458521903.44
"2019-12-05 19:00:00",61707340913.73
"2019-12-07 19:00:00",50596132157.46
"2019-12-09 19:00:00",57807614345.74
"2019-12-11 19:00:00",56806763603.3
"2019-12-13 19:00:00",58949291630.97
"2019-12-15 19:00:00",58736045218.6
"2019-12-17 19:00:00",78801683633.93
"2019-12-19 19:00:00",84641983980.85
"2019-12-21 19:00:00",62625538620.15
"2019-12-23 19:00:00",85922657122.44
"2019-12-25 19:00:00",68496073528.84
"2019-12-27 19:00:00",73863457128.47
"2019-12-29 19:00:00",75108342661.08
"2019-12-31 19:00:00",68967599558.58
"2020-01-02 19:00:00",67968229449.61
"2020-01-04 19:00:00",62858900974.31
"2020-01-06 19:00:00",81914860924.1
"2020-01-08 19:00:00",96417460157.84
"2020-01-10 19:00:00",94863790145.25
"2020-01-12 19:00:00",79886153277.92
"2020-01-14 19:00:00",162337957911.43
"2020-01-16 19:00:00",119393234203.89
"2020-01-18 19:00:00",125135420549.4
"2020-01-20 19:00:00",96638062390.01
"2020-01-22 19:00:00",83729457733.32
"2020-01-24 19:00:00",93144055613.84
"2020-01-26 19:00:00",83531643318.45
"2020-01-28 19:00:00",122588027069.85
"2020-01-30 19:00:00",122010640093.35
"2020-02-01 19:00:00",99860408541.86
"2020-02-03 19:00:00",112517394109.32
"2020-02-05 19:00:00",133658671242.94
"2020-02-07 19:00:00",128147270077.95
"2020-02-09 19:00:00",132255252697.71
"2020-02-11 19:00:00",136829373939.86
"2020-02-13 19:00:00",187532603478.89
"2020-02-15 19:00:00",168384313779.74
"2020-02-17 19:00:00",181054522902.95
"2020-02-19 19:00:00",161625924473.69
"2020-02-21 19:00:00",144600262697.81
"2020-02-23 19:00:00",142014747849.58
"2020-02-25 19:00:00",156156127183.39
"2020-02-27 19:00:00",170640350104.12
"2020-02-29 19:00:00",128935991272.48
"2020-03-02 19:00:00",181440967513.31
"2020-03-04 19:00:00",136172503420.74
"2020-03-06 19:00:00",140565387465.47
"2020-03-08 20:00:00",150783410130.55
"2020-03-10 20:00:00",140897698295.2
"2020-03-12 20:00:00",192950889418.95
"2020-03-14 20:00:00",123571214236.96
"2020-03-16 20:00:00",148892777188.89
"2020-03-18 20:00:00",119539558479.46
"2020-03-20 20:00:00",183017751032.82
"2020-03-22 20:00:00",128959423074.93
"2020-03-24 20:00:00",148529407873.94
"2020-03-26 20:00:00",112475058471.02
"2020-03-28 20:00:00",117045937077.48
"2020-03-30 20:00:00",120067660437.62
"2020-04-01 20:00:00",126724022166.39
"2020-04-03 20:00:00",124769415485.85
"2020-04-05 20:00:00",98481971430.27
"2020-04-07 20:00:00",156245172850.22
"2020-04-09 20:00:00",120237473143.53
"2020-04-11 20:00:00",110211851286.12
"2020-04-13 20:00:00",132520511886.96
"2020-04-15 20:00:00",112732530921.27
"2020-04-17 20:00:00",119998416239.09
"2020-04-19 20:00:00",123894637922.39
"2020-04-21 20:00:00",117930065779.02
"2020-04-23 20:00:00",152276653797.72
"2020-04-25 20:00:00",123817805691.79
"2020-04-27 20:00:00",135841142068.3
"2020-04-29 20:00:00",207212949734.98
"2020-05-01 20:00:00",152203851984.11
"2020-05-03 20:00:00",158942868105.15
"2020-05-05 20:00:00",146222096621.39
"2020-05-07 20:00:00",192153793723.11
"2020-05-09 20:00:00",157002189778.36
"2020-05-11 20:00:00",180381091455.61
"2020-05-13 20:00:00",144038496641.84
"2020-05-15 20:00:00",175747473490.06
"2020-05-17 20:00:00",175747473490.06
"2020-05-19 20:00:00",123941268368.67
"2020-05-21 20:00:00",127145162603.1
"2020-05-23 20:00:00",93777128666.31
"2020-05-25 20:00:00",100229270448.08
"2020-05-27 20:00:00",102051966387.34
"2020-05-29 20:00:00",104192550380.4
"2020-05-31 20:00:00",100985785037.81
"2020-06-02 20:00:00",128183531608.65
"2020-06-04 20:00:00",90069281108.44
"2020-06-06 20:00:00",69886580941.17
"2020-06-08 20:00:00",72334494642.26
"2020-06-10 20:00:00",80033826208.76
"2020-06-12 20:00:00",79566758965.27
"2020-06-14 20:00:00",63470008834.37
"2020-06-16 20:00:00",71434478011.97
"2020-06-18 20:00:00",61269048243.31
"2020-06-20 20:00:00",59369170115.95
"2020-06-22 20:00:00",73492518369.09
"2020-06-24 20:00:00",68954772301.42
"2020-06-26 20:00:00",63599010300.6
"2020-06-28 20:00:00",52156497097.72
"2020-06-30 20:00:00",53952721893.81
"2020-07-02 20:00:00",58063186463.91
"2020-07-04 20:00:00",47020077010.9
"2020-07-06 20:00:00",73479666925.46
"2020-07-08 20:00:00",79860176009.97
"2020-07-10 20:00:00",59283788347.95
"2020-07-12 20:00:00",53578817272.07
"2020-07-14 20:00:00",63158768374.96
"2020-07-16 20:00:00",58293541126.99
"2020-07-18 20:00:00",44970095319
"2020-07-20 20:00:00",49282340770.91
"2020-07-22 20:00:00",59140376978.83
"2020-07-24 20:00:00",62829965757.42
"2020-07-26 20:00:00",80198364054.7
"2020-07-28 20:00:00",101283387275.01
"2020-07-30 20:00:00",84227395800.88
"2020-08-01 20:00:00",102768393729.66
"2020-08-03 20:00:00",84725918471.92
"2020-08-05 20:00:00",90590726287.11
"2020-08-07 20:00:00",98814483385.34
"2020-08-09 20:00:00",73461663443.91
"2020-08-11 20:00:00",109899478616.04
"2020-08-13 20:00:00",121835451295.89
"2020-08-15 20:00:00",103148119966.54
"2020-08-17 20:00:00",115281734292.5
"2020-08-19 20:00:00",106561349405.99
"2020-08-21 20:00:00",110529262939.47
"2020-08-23 20:00:00",76834148022.63
"2020-08-25 20:00:00",107729913774.56
"2020-08-27 20:00:00",97304102328.88
"2020-08-29 20:00:00",81595839844.7
"2020-08-31 20:00:00",99201011088.05
"2020-09-02 20:00:00",136115249524.18
"2020-09-04 20:00:00",140210466280.47
"2020-09-06 20:00:00",164069975000.42
"2020-09-08 20:00:00",138423927251.43
"2020-09-10 20:00:00",223147985654.59
"2020-09-12 20:00:00",149284620904.12
"2020-09-14 20:00:00",142097718959.51
"2020-09-16 20:00:00",129292211243.73
"2020-09-18 20:00:00",122167455145.26
"2020-09-20 20:00:00",103447989188.73
"2020-09-22 20:00:00",97425724479.93
"2020-09-24 20:00:00",95200968853.5
"2020-09-26 20:00:00",79963648755.2
"2020-09-28 20:00:00",92780333922.32
"2020-09-30 20:00:00",80421404805.97
"2020-10-02 20:00:00",97363868224.1
"2020-10-04 20:00:00",70393369351.75
"2020-10-06 20:00:00",97920955450.48
"2020-10-08 20:00:00",91180890837.06
"2020-10-10 20:00:00",78216024243.13
"2020-10-12 20:00:00",88132535313.19
"2020-10-14 20:00:00",75012768221.45
"2020-10-16 20:00:00",80860778559.37
"2020-10-18 20:00:00",58303186795.66
"2020-10-20 20:00:00",86354549691.16
"2020-10-22 20:00:00",102075373669.46
"2020-10-24 20:00:00",73991781846.92
"2020-10-26 20:00:00",103775249657.4
"2020-10-28 20:00:00",103912058771.92
"2020-10-30 20:00:00",91855661090.6
"2020-11-01 19:00:00",65619735261.08
"2020-11-03 19:00:00",87673913518.24
"2020-11-05 19:00:00",134072613937.85
"2020-11-07 19:00:00",143472608351.47
"2020-11-09 19:00:00",119721463533.4
"2020-11-11 19:00:00",112069013048.19
"2020-11-13 19:00:00",116123549333.61
"2020-11-15 19:00:00",92010423015.05
"2020-11-17 19:00:00",144227979733.67
"2020-11-19 19:00:00",136687860550.36
"2020-11-21 19:00:00",199112219933.01
"2020-11-23 19:00:00",223550795321.44
"2020-11-25 19:00:00",226170486858.95
"2020-11-27 19:00:00",182830808552.67
"2020-11-29 19:00:00",146720222075.07
"2020-12-01 19:00:00",232949207786.02
"2020-12-03 19:00:00",142325217110.59
"2020-12-05 19:00:00",121814229906.07
"2020-12-07 19:00:00",112551522266.13
"2020-12-09 19:00:00",152377667948.67
"2020-12-11 19:00:00",121520380485.05
"2020-12-13 19:00:00",105342810142.5
"2020-12-15 19:00:00",110755182869.07
"2020-12-17 19:00:00",279395483914.52
"2020-12-19 19:00:00",161049166154.15
"2020-12-21 19:00:00",188291126666.59
"2020-12-23 19:00:00",225585965492.39
"2020-12-25 19:00:00",185977723498.09
"2020-12-27 19:00:00",261857126362.03
"2020-12-29 19:00:00",199301806904.62
"2020-12-31 19:00:00",167124239672.76
"2021-01-02 19:00:00",232555411727.42
"2021-01-04 19:00:00",174321177974.47
"2021-01-06 19:00:00",164039168270.47
"2021-01-08 19:00:00",177851128738.93
"2021-01-10 19:00:00",184458707534.94
"2021-01-12 19:00:00",155615242438.11
"2021-01-14 19:00:00",132492785124.05
"2021-01-16 19:00:00",135680686064.59
"2021-01-18 19:00:00",110191430518.12
"2021-01-20 19:00:00",152550937127.47
"2021-01-22 19:00:00",158724977471.27
"2021-01-24 19:00:00",113214077395.04
"2021-01-26 19:00:00",132777082522.17
"2021-01-28 19:00:00",142638847963.5
"2021-01-30 19:00:00",153684257076.48
"2021-02-01 19:00:00",158462046846.98
"2021-02-03 19:00:00",144177129930.67
"2021-02-05 19:00:00",156414407919.21
"2021-02-07 19:00:00",171306699712.46
"2021-02-09 19:00:00",208763683230.2
"2021-02-11 19:00:00",196533919942.38
"2021-02-13 19:00:00",207685526841.64
"2021-02-15 19:00:00",216272304969.28
"2021-02-17 19:00:00",191801867278.34
"2021-02-19 19:00:00",166915431853.1
"2021-02-21 19:00:00",145089923751.24
"2021-02-23 19:00:00",261706706377.61
"2021-02-25 19:00:00",142819282110.83
"2021-02-27 19:00:00",128030108281.81
"2021-03-01 19:00:00",129331510686.43
"2021-03-03 19:00:00",129121018461.24
"2021-03-05 19:00:00",118697130190.25
"2021-03-07 19:00:00",103042841496.9
"2021-03-09 19:00:00",133751159450.26
"2021-03-11 19:00:00",131978421610.65
"2021-03-13 19:00:00",148672539842.08
"2021-03-15 20:00:00",153414047450.51
"2021-03-17 20:00:00",140430860674.19
"2021-03-19 20:00:00",117543420876.99
"2021-03-21 20:00:00",113914702301.46
"2021-03-23 20:00:00",129923304356.64
"2021-03-25 20:00:00",142683958716.3
"2021-03-27 20:00:00",109051738578.35
"2021-03-29 20:00:00",127188399468.76
"2021-03-31 20:00:00",163117996908.1
"2021-04-02 20:00:00",161115894959.99
"2021-04-04 20:00:00",145257022241.68
"2021-04-06 20:00:00",211536479485.84
"2021-04-08 20:00:00",142953119956.45
"2021-04-10 20:00:00",158640312340.03
"2021-04-12 20:00:00",151460437918.49
"2021-04-14 20:00:00",235242383393.08
"2021-04-16 20:00:00",308040023462.59
"2021-04-18 20:00:00",300690499650.8
"2021-04-20 20:00:00",229497301644.32
"2021-04-22 20:00:00",226959790955.32
"2021-04-24 20:00:00",143290977318.89
"2021-04-26 20:00:00",160865425588.5
"2021-04-28 20:00:00",151727679331.87
"2021-04-30 20:00:00",144779478387.96
"2021-05-02 20:00:00",125314942137.82
"2021-05-04 20:00:00",252866697686.89
"2021-05-06 20:00:00",284705205267.1
"2021-05-08 20:00:00",218839699630.8
"2021-05-10 20:00:00",269499409229.87
"2021-05-12 20:00:00",252883647394.69
"2021-05-14 20:00:00",210942290777.58
"2021-05-16 20:00:00",210568489198.43
"2021-05-18 20:00:00",187401765676.43
"2021-05-20 20:00:00",277060349562.83
"2021-05-22 20:00:00",170375303170.08
"2021-05-24 20:00:00",210578671955.14
"2021-05-26 20:00:00",163148538731.82
"2021-05-28 20:00:00",158527175700.59
"2021-05-30 20:00:00",102993035350.77
"2021-06-01 20:00:00",112534285923.18
"2021-06-03 20:00:00",112999898117.23
"2021-06-05 20:00:00",103981945713.85
"2021-06-07 20:00:00",98361534914.85
"2021-06-09 20:00:00",129462236711.36
"2021-06-11 20:00:00",91340482256.6
"2021-06-13 20:00:00",90707282874.04
"2021-06-15 20:00:00",89186212915.63
"2021-06-17 20:00:00",79991535301.96
"2021-06-19 20:00:00",68649065199.63
"2021-06-21 20:00:00",126542176910.78
"2021-06-23 20:00:00",103823866640.3
"2021-06-25 20:00:00",93436258117.52
"2021-06-27 20:00:00",75782275348.9
"2021-06-29 20:00:00",92506924538.53
"2021-07-01 20:00:00",84802808105.89
"2021-07-03 20:00:00",60476741421.23
"2021-07-05 20:00:00",69049295622.53
"2021-07-07 20:00:00",75072129288.99
"2021-07-09 20:00:00",74506102125.69
"2021-07-11 20:00:00",52379822196.46
"2021-07-13 20:00:00",59177331833.44
"2021-07-15 20:00:00",66098805742.36
"2021-07-17 20:00:00",54570461067.46
"2021-07-19 20:00:00",56374562154.26
"2021-07-21 20:00:00",81890599530.35
"2021-07-23 20:00:00",70364952896.46
"2021-07-25 20:00:00",65901911221.67
"2021-07-27 20:00:00",97846185317.39
"2021-07-29 20:00:00",75178917742.71
"2021-07-31 20:00:00",75378684765.9
"2021-08-02 20:00:00",77237872681.51
"2021-08-04 20:00:00",81014998384.55
"2021-08-06 20:00:00",100225078506.64
"2021-08-08 20:00:00",105730122702.38
"2021-08-10 20:00:00",107126726065.94
"2021-08-12 20:00:00",119046367159.67
"2021-08-14 20:00:00",110602206348.3
"2021-08-16 20:00:00",119834487459.51
"2021-08-18 20:00:00",115320635254.52
"2021-08-20 20:00:00",110968374364.09
"2021-08-22 20:00:00",91573004077.69
"2021-08-24 20:00:00",121023640490.24
"2021-08-26 20:00:00",109238518117.74
"2021-08-28 20:00:00",91273248703.69
"2021-08-30 20:00:00",108061739226.31
"2021-09-01 20:00:00",127041591164.32
"2021-09-03 20:00:00",139914486939.2
"2021-09-05 20:00:00",120135090083.38
"2021-09-07 20:00:00",235764136192.61
"2021-09-09 20:00:00",145883168099.18
"2021-09-11 20:00:00",112978393565.25
"2021-09-13 20:00:00",140510625486.65
"2021-09-15 20:00:00",100260768151.47
"2021-09-17 20:00:00",101095984285.93
"2021-09-19 20:00:00",82217964160.9
"2021-09-21 20:00:00",140150884471.96
"2021-09-23 20:00:00",101677856685.21
"2021-09-25 20:00:00",94399231691.44
"2021-09-27 20:00:00",98279126182.81
"2021-09-29 20:00:00",89045505975.21
"2021-10-01 20:00:00",117134614352.67
"2021-10-03 20:00:00",89505500142.15
"2021-10-05 20:00:00",111551676652.97
"2021-10-07 20:00:00",130195654413.76
"2021-10-09 20:00:00",96069068193.48
"2021-10-11 20:00:00",108037005201.9
"2021-10-13 20:00:00",113141028585.24
"2021-10-15 20:00:00",134699121367.84
"2021-10-17 20:00:00",85383083895.84
"2021-10-19 20:00:00",93009947079.51
"2021-10-21 20:00:00",127620316150.1
"2021-10-23 20:00:00",81232292516.94
"2021-10-25 20:00:00",97113680848.13
"2021-10-27 20:00:00",178766445087.99
"2021-10-29 20:00:00",131626633162.43
"2021-10-31 20:00:00",137671546847.22
"2021-11-02 20:00:00",197185337811.71
"2021-11-04 20:00:00",129646723869.47
"2021-11-06 20:00:00",97756649332.22
"2021-11-08 19:00:00",126063347098.88
"2021-11-10 19:00:00",172306870718.37
"2021-11-12 19:00:00",123107178534.27
"2021-11-14 19:00:00",83603296927.95
"2021-11-16 19:00:00",153351505019.49
"2021-11-18 19:00:00",146527792352.78
"2021-11-20 19:00:00",106063881037.66
"2021-11-22 19:00:00",119046941227.34
"2021-11-24 19:00:00",133396083265.31
"2021-11-26 19:00:00",160857781834.06
"2021-11-28 19:00:00",108997791713.72
"2021-11-30 19:00:00",130255545597.81
"2021-12-02 19:00:00",116190327495.8
"2021-12-04 19:00:00",204965025217.93
"2021-12-06 19:00:00",139187510452.98
"2021-12-08 19:00:00",102461604942.1
"2021-12-10 19:00:00",103643600188.03
"2021-12-12 19:00:00",67548077617.86
"2021-12-14 19:00:00",100215475694.98
"2021-12-16 19:00:00",89665706106.83
"2021-12-18 19:00:00",82175240795.86
"2021-12-20 19:00:00",97449403517.26
"2021-12-22 19:00:00",86234296540.48
"2021-12-24 19:00:00",89693142265.28
"2021-12-26 19:00:00",75212941894.54
"2021-12-28 19:00:00",107406711238.7
"2021-12-30 19:00:00",79859922253.59
"2022-01-01 19:00:00",66638131551.96
"2022-01-03 19:00:00",87772654928.84
"2022-01-05 19:00:00",112003900838.45
"2022-01-07 19:00:00",142860989808.14
"2022-01-09 19:00:00",72302255348.86
"2022-01-11 19:00:00",87696385857.95
"2022-01-13 19:00:00",102390004137.43
"2022-01-15 19:00:00",61894761298.36
"2022-01-17 19:00:00",76827074990.27
"2022-01-19 19:00:00",74238843482.45
"2022-01-21 19:00:00",128887040190.27
"2022-01-23 19:00:00",85310684697.24
"2022-01-25 19:00:00",85815992952.1
"2022-01-27 19:00:00",81892258093.96
"2022-01-29 19:00:00",59923101329.65
"2022-01-31 19:00:00",67032400737.68
"2022-02-02 19:00:00",66856039035.3
"2022-02-04 19:00:00",86190568078.42
"2022-02-06 19:00:00",61398325062.44
"2022-02-08 19:00:00",104663584806.77
"2022-02-10 19:00:00",108684639366.41
"2022-02-12 19:00:00",70167467408.02
"2022-02-14 19:00:00",68851421413.85
"2022-02-16 19:00:00",70785121330.72
"2022-02-18 19:00:00",75282111752.5
"2022-02-20 19:00:00",65556633194.74
"2022-02-22 19:00:00",84882622303.56
"2022-02-24 19:00:00",150946705399.02
"2022-02-26 19:00:00",69270988790.81
"2022-02-28 19:00:00",104290665882.84
"2022-03-02 19:00:00",97371440674.91
"2022-03-04 19:00:00",87933155136.57
"2022-03-06 19:00:00",62778297248.91
"2022-03-08 19:00:00",78427169255.7
"2022-03-10 19:00:00",91138959524.2
"2022-03-12 19:00:00",54584860570.58
"2022-03-14 20:00:00",74252010392.71
"2022-03-16 20:00:00",104698803910.01
"2022-03-18 20:00:00",97069363443.27
"2022-03-20 20:00:00",80142662841.44
"2022-03-22 20:00:00",100378436422.7
"2022-03-24 20:00:00",109920283154.75
"2022-03-26 20:00:00",59910844731.47
"2022-03-28 20:00:00",120398068878.97
"2022-03-30 20:00:00",112602389245.96
"2022-04-01 20:00:00",128343448828.44
"2022-04-03 20:00:00",94103285157.76
"2022-04-05 20:00:00",100157035046.16
"2022-04-07 20:00:00",87427165744.16
"2022-04-09 20:00:00",57912192000.66
"2022-04-11 20:00:00",102579491470.54
"2022-04-13 20:00:00",83749269604.51
"2022-04-15 20:00:00",63399692524.91
"2022-04-17 20:00:00",57929287845.83
"2022-04-19 20:00:00",80931927000.78
"2022-04-21 20:00:00",104503927703.89
"2022-04-23 20:00:00",54999242858.47
"2022-04-25 20:00:00",101627136740.13
"2022-04-27 20:00:00",84135423411.7
"2022-04-29 20:00:00",93640423923.76
"2022-05-01 20:00:00",83494798193.63
"2022-05-03 20:00:00",72536850733.48
"2022-05-05 20:00:00",114325090368.92
"2022-05-07 20:00:00",76921052027.91
"2022-05-09 20:00:00",159101117269.94
"2022-05-11 20:00:00",213727678738.79
"2022-05-13 20:00:00",119931779072.69
"2022-05-15 20:00:00",76918927624.34
"2022-05-17 20:00:00",78334689676.88
"2022-05-19 20:00:00",84007749705.03
"2022-05-21 20:00:00",50221546604.78
"2022-05-23 20:00:00",83845649277.51
"2022-05-25 20:00:00",70677604885.02
"2022-05-27 20:00:00",94646223757.36
"2022-05-29 20:00:00",50284426004.87
"2022-05-31 20:00:00",88598223382.43
"2022-06-02 20:00:00",71963363050.54
"2022-06-04 20:00:00",44175826409.59
"2022-06-06 20:00:00",72936300242.03
"2022-06-08 20:00:00",72744502058.87
"2022-06-10 20:00:00",70660931568.92
"2022-06-12 20:00:00",83361542617.46
"2022-06-14 20:00:00",115227136776.74
"2022-06-16 20:00:00",75567867300
"2022-06-18 20:00:00",87173093137.72
"2022-06-20 20:00:00",73377981928.47
"2022-06-22 20:00:00",65176705807.12
"2022-06-24 20:00:00",66174094513.22
"2022-06-26 20:00:00",51243900209.17
"2022-06-28 20:00:00",57125007131.97
"2022-06-30 20:00:00",65299942090.58
"2022-07-02 20:00:00",44011118725.7
"2022-07-04 20:00:00",53360378667.25
"2022-07-06 20:00:00",59198855208.79
"2022-07-08 20:00:00",86167770987.68
"2022-07-10 20:00:00",55230620788.84
"2022-07-12 20:00:00",55226540928.34
"2022-07-14 20:00:00",69477851265.52
"2022-07-16 20:00:00",61101459536.86
"2022-07-18 20:00:00",96995594449.72
"2022-07-20 20:00:00",95960356171.54
"2022-07-22 20:00:00",72049344884.78
"2022-07-24 20:00:00",58279935786.75
"2022-07-26 20:00:00",66286352332.57
"2022-07-28 20:00:00",104736164002.52
"2022-07-30 20:00:00",78383131427.77
"2022-08-01 20:00:00",72697520281.87
"2022-08-03 20:00:00",67351062564.34
"2022-08-05 20:00:00",69406924643.74
"2022-08-07 20:00:00",41713178118.06
"2022-08-09 20:00:00",65800051665.36
"2022-08-11 20:00:00",88820372199.68
"2022-08-13 20:00:00",58107250470.21
"2022-08-15 20:00:00",79350933435.78
"2022-08-17 20:00:00",73767087926.07
"2022-08-19 20:00:00",92469208178.8
"2022-08-21 20:00:00",58461687188.73
"2022-08-23 20:00:00",70024101419.66
"2022-08-25 20:00:00",63981451444.89
"2022-08-27 20:00:00",68447233586.53
"2022-08-29 20:00:00",66835639464.22
"2022-08-31 20:00:00",69485888477.77
"2022-09-02 20:00:00",62924029602.61
"2022-09-04 20:00:00",46411964057.5
"2022-09-06 20:00:00",90056081628.9
"2022-09-08 20:00:00",72045179488.33
"2022-09-10 20:00:00",74876384006.21
"2022-09-12 20:00:00",93553397585.58
"2022-09-14 20:00:00",77376489332.52
"2022-09-16 20:00:00",66744907084.39
"2022-09-18 20:00:00",64407867894.83
"2022-09-20 20:00:00",69764853858.96
"2022-09-22 20:00:00",76770784247.26
"2022-09-24 20:00:00",55538989006.76
"2022-09-26 20:00:00",77537834041.98
"2022-09-28 20:00:00",87331385052.88
"2022-09-30 20:00:00",74333278602.87
"2022-10-02 20:00:00",41423817571.08
"2022-10-04 20:00:00",60129292188.61
"2022-10-06 20:00:00",59710337462.62
"2022-10-08 20:00:00",32921494922.12
"2022-10-10 20:00:00",50972145766.53
"2022-10-12 20:00:00",44720804676.45
"2022-10-14 20:00:00",66638975298.55
"2022-10-16 20:00:00",40502472096.21
"2022-10-18 20:00:00",53868444600.06
"2022-10-20 20:00:00",45356822558.5
"2022-10-22 20:00:00",33199793506.44
"2022-10-24 20:00:00",54514883032.64
"2022-10-26 20:00:00",103989331247.24
"2022-10-28 20:00:00",80319022784.31
"2022-10-30 20:00:00",70268970463.34
"2022-11-01 20:00:00",74996780632.22
"2022-11-03 20:00:00",80090006107.42
"2022-11-05 20:00:00",74247124309.67
"2022-11-07 19:00:00",92642549993.37
"2022-11-09 19:00:00",184329307126.45
"2022-11-11 19:00:00",100104063677.62
"2022-11-13 19:00:00",54542454407.48
"2022-11-15 19:00:00",64085527423.76
"2022-11-17 19:00:00",50315921386.59
"2022-11-19 19:00:00",32359111653.25
"2022-11-21 19:00:00",72353092800.9
"2022-11-23 19:00:00",62066462016.86
"2022-11-25 19:00:00",36971663565.81
"2022-11-27 19:00:00",37446145928.27
"2022-11-29 19:00:00",43549687810.14
"2022-12-01 19:00:00",43263026782.6
"2022-12-03 19:00:00",31107617432.63
"2022-12-05 19:00:00",40952353022.79
"2022-12-07 19:00:00",37197846820.24
"2022-12-09 19:00:00",35792454020.07
"2022-12-11 19:00:00",25118322642.01
"2022-12-13 19:00:00",53252048502.15
"2022-12-15 19:00:00",35960419506.71
"2022-12-17 19:00:00",30180761749.78
"2022-12-19 19:00:00",31370924055.93
"2022-12-21 19:00:00",26429482455.51
"2022-12-23 19:00:00",26450723855.98
"2022-12-25 19:00:00",21109472741.41
"2022-12-27 19:00:00",27256205863.41
"2022-12-29 19:00:00",27094556091.96
"2022-12-31 19:00:00",19881266055.53
"2023-01-02 19:00:00",24052080196.22
"2023-01-06 19:00:00",29691779490.38
"2023-01-08 19:00:00",22406111785.29
"2023-01-10 19:00:00",35190776600.23
"2023-01-12 19:00:00",63387011331.23
"2023-01-14 19:00:00",82519395124.36
"2023-01-16 19:00:00",54007483271.22
"2023-01-18 19:00:00",61608563604.17
"2023-01-20 19:00:00",53098890300.86
"2023-01-22 19:00:00",51552421107.57
"2023-01-24 19:00:00",55233936238.38
"2023-01-26 19:00:00",54426623483.32
"2023-01-28 19:00:00",36865642480.52
"2023-01-30 19:00:00",57104997411.62
"2023-02-01 19:00:00",55907439918.36
"2023-02-03 19:00:00",56726164973.43
"2023-02-05 19:00:00",48566666147.31
"2023-02-07 19:00:00",59423580843.29
"2023-02-09 19:00:00",79208103009.37
"2023-02-11 19:00:00",35260984420.94
"2023-02-13 19:00:00",59253250100.32
"2023-02-15 19:00:00",64877813855.61
"2023-02-17 19:00:00",76168686272.84
"2023-02-19 19:00:00",56307800976.88
"2023-02-21 19:00:00",66728454697.12
"2023-02-23 19:00:00",59210213277.3
"2023-02-25 19:00:00",37413629731.13
"2023-02-27 19:00:00",45362478074.36
"2023-03-01 19:00:00",48678729349.86
"2023-03-03 19:00:00",54664109491.33
"2023-03-05 19:00:00",28750383104.81
"2023-03-07 19:00:00",44482339994.83
"2023-03-09 19:00:00",57773496227.85
"2023-03-11 19:00:00",91096944569.08
"2023-03-13 20:00:00",97270664123.23
"2023-03-15 20:00:00",83701408243.65
"2023-03-17 20:00:00",84321789109.78
"2023-03-19 20:00:00",65056772847.18
"2023-03-21 20:00:00",67723817736
"2023-03-23 20:00:00",55703450260.6
"2023-03-25 20:00:00",32983707724.72
"2023-03-27 20:00:00",42377984347.67
"2023-03-29 20:00:00",47058201981.09
"2023-03-31 20:00:00",43800734346.52
"2023-04-02 20:00:00",31925080914.24
"2023-04-04 20:00:00",42013585460.02
"2023-04-06 20:00:00",37033375218.8
"2023-04-08 20:00:00",27341712671.25
"2023-04-10 20:00:00",40721826862.93
"2023-04-12 20:00:00",48234780317.02
"2023-04-14 20:00:00",63108090693.47
"2023-04-16 20:00:00",36693765812.84
"2023-04-18 20:00:00",46893048612.33
"2023-04-20 20:00:00",52573332528.06
"2023-04-22 20:00:00",31006148039.28
"2023-04-24 20:00:00",38405334555.9
"2023-04-26 20:00:00",64226853050.34
"2023-04-28 20:00:00",39379327826.37
"2023-04-30 20:00:00",31897279995.43
"2023-05-02 20:00:00",35176475458.64
"2023-05-04 20:00:00",32912154108.68
"2023-05-06 20:00:00",39352635794.44
"2023-05-08 20:00:00",46572605157.71
"2023-05-10 20:00:00",45887894685.18
"2023-05-12 20:00:00",41515886992.11
"2023-05-14 20:00:00",22048926216.23
"2023-05-16 20:00:00",28503434501.75
"2023-05-18 20:00:00",32096067293.3
"2023-05-20 20:00:00",17071105239.84
"2023-05-22 20:00:00",25124546524.13
"2023-05-24 20:00:00",36030850734.88
"2023-05-26 20:00:00",27682593768.86
"2023-05-28 20:00:00",30629539696.06
"2023-05-30 20:00:00",30459508251.71
"2023-06-01 20:00:00",30335501140.38
"2023-06-03 20:00:00",19690672252.98
"2023-06-05 20:00:00",48295838529.01
"2023-06-07 20:00:00",40625628696.97
"2023-06-09 20:00:00",25979215626.84
"2023-06-11 20:00:00",24709772288.43
"2023-06-13 20:00:00",33613807356.3
"2023-06-15 20:00:00",37258140758.64
"2023-06-17 20:00:00",23935025257.12
"2023-06-19 20:00:00",26049414545.99
"2023-06-21 20:00:00",60328118017.7
"2023-06-23 20:00:00",46501485989.92
"2023-06-25 20:00:00",31999934124.49
"2023-06-27 20:00:00",35549731564.51
"2023-06-29 20:00:00",29971175518.2
"2023-07-01 20:00:00",28936813850.42
"2023-07-03 20:00:00",37764555911.44
"2023-07-05 20:00:00",31607993243.46
"2023-07-07 20:00:00",30705959659.72
"2023-07-09 20:00:00",19725790995.39
"2023-07-11 20:00:00",27182439112.71
"2023-07-13 20:00:00",60736595875.74
"2023-07-15 20:00:00",27442600292.56
"2023-07-17 20:00:00",35271056572.52
"2023-07-19 20:00:00",31362915624.95
"2023-07-21 20:00:00",33547586300.15
"2023-07-23 20:00:00",23613007970.16
"2023-07-25 20:00:00",25703626696.38
"2023-07-27 20:00:00",25943404114.22
"2023-07-29 20:00:00",17778212780.78
"2023-07-31 20:00:00",28340330956.25
"2023-08-02 20:00:00",38198593979.4
"2023-08-04 20:00:00",29128208292.28
"2023-08-06 20:00:00",20655635028.29
"2023-08-08 20:00:00",36006447526.98
"2023-08-10 20:00:00",26133839466.51
"2023-08-12 20:00:00",16545264352.66
"2023-08-14 20:00:00",28557513693.77
"2023-08-16 20:00:00",34321985607.85
"2023-08-18 20:00:00",47531023493.38
"2023-08-20 20:00:00",21753799324.09
"2023-08-22 20:00:00",33084239848.12
"2023-08-24 20:00:00",27502627322.68
"2023-08-26 20:00:00",15142066308.98
"2023-08-28 20:00:00",24577299869.87
"2023-08-30 20:00:00",31552475320.23
"2023-09-01 20:00:00",33960057979.21
"2023-09-03 20:00:00",19855263792.02
"2023-09-05 20:00:00",24778543297.08
"2023-09-07 20:00:00",24167769182.71
"2023-09-09 20:00:00",13440240267.55
"2023-09-11 20:00:00",32530881578.69
"2023-09-13 20:00:00",27302036656.18
"2023-09-15 20:00:00",25608292082.29
"2023-09-17 20:00:00",17607070976.34
"2023-09-19 20:00:00",27278835522.59
"2023-09-21 20:00:00",32352223636.24
"2023-09-23 20:00:00",16244650304.88
"2023-09-25 20:00:00",24689515114.64
"2023-09-27 20:00:00",27303085450.61
"2023-09-29 20:00:00",40311855811.08
"2023-10-01 20:00:00",33129903900.2
"2023-10-03 20:00:00",35973907826.5
"2023-10-05 20:00:00",26024174048.55
"2023-10-07 20:00:00",15736210617.32
"2023-10-09 20:00:00",28659929370.74
"2023-10-11 20:00:00",27203644812.6
"2023-10-13 20:00:00",27421676398.6
"2023-10-15 20:00:00",18364309175.51
"2023-10-17 20:00:00",46588112216.24
"2023-10-19 20:00:00",40993099711.61
"2023-10-21 20:00:00",38310201989.95
"2023-10-23 20:00:00",69650080042.63
"2023-10-25 20:00:00",51801603619.23
"2023-10-27 20:00:00",37642422539.1
"2023-10-29 20:00:00",25807550720.52
"2023-10-31 20:00:00",40580055949.27
"2023-11-02 20:00:00",50250607101.33
"2023-11-04 20:00:00",27906586640.41
"2023-11-06 19:00:00",39648091326.31
"2023-11-08 19:00:00",42168545573.94
"2023-11-10 19:00:00",69117600853.58
"2023-11-12 19:00:00",46268513172.43
"2023-11-14 19:00:00",65405333333.81
"2023-11-16 19:00:00",71621942772.77
"2023-11-18 19:00:00",40607308190.97
"2023-11-20 19:00:00",55029365347.64
"2023-11-22 19:00:00",59415066531.37
"2023-11-24 19:00:00",54210631246.48
"2023-11-26 19:00:00",40656263052.68
"2023-11-28 19:00:00",51267542363.8
"2023-11-30 19:00:00",42479582594.91
"2023-12-02 19:00:00",42481035444.68
"2023-12-04 19:00:00",95714033402.13
"2023-12-06 19:00:00",77231711597.17
"2023-12-08 19:00:00",66671389101.46
"2023-12-10 19:00:00",44627330832.33
"2023-12-12 19:00:00",69514717258.5
"2023-12-14 19:00:00",105054292786.84
"2023-12-16 19:00:00",47379271774.47
"2023-12-18 19:00:00",64592434078.85
"2023-12-20 19:00:00",69468687267.61
"2023-12-22 19:00:00",70942829263.62
"2023-12-24 19:00:00",64524457197.07
"2023-12-26 19:00:00",81638929657.22
"2023-12-28 19:00:00",78922292937.41
"2023-12-30 19:00:00",43629092637.98
"2024-01-01 19:00:00",48834341831.19
"2024-01-03 19:00:00",116308696896.23
"2024-01-05 19:00:00",73556752295.75
"2024-01-07 19:00:00",47874661366.64
"2024-01-09 19:00:00",84904697914.19
"2024-01-11 19:00:00",106938283077.2
"2024-01-13 19:00:00",54364011990.57
"2024-01-15 19:00:00",56405252244.24
"2024-01-17 19:00:00",55319956386.51
"2024-01-19 19:00:00",63855641107.64
"2024-01-21 19:00:00",30221722660.74
"2024-01-23 19:00:00",72206307832.66
"2024-01-25 19:00:00",47208330479.13
"2024-01-27 19:00:00",32374020083.58
"2024-01-29 19:00:00",50038660306.12
"2024-01-31 19:00:00",60788770938.71
"2024-02-02 19:00:00",45739909474.89
"2024-02-04 19:00:00",33241624743.13
"2024-02-06 19:00:00",44152008380.03
"2024-02-08 19:00:00",57954458472.96
"2024-02-10 19:00:00",41003465775.02
"2024-02-12 19:00:00",71263903655.97
"2024-02-14 19:00:00",85859240745.13
"2024-02-16 19:00:00",72846308770.32
"2024-02-18 19:00:00",64182744937.96
"2024-02-20 19:00:00",91344467063.84
"2024-02-22 19:00:00",76673944262.3
"2024-02-24 19:00:00",49308164083.24
"2024-02-26 19:00:00",85790849360.12
"2024-02-28 19:00:00",175925228955.61
"2024-03-01 19:00:00",106180247399.15
"2024-03-03 19:00:00",97597784318.7
"2024-03-05 19:00:00",261866570378.7
"2024-03-07 19:00:00",135817396708.15
"2024-03-09 19:00:00",88482700400.87
"2024-03-11 20:00:00",169351233660.28
"2024-03-13 20:00:00",134539193347.49
"2024-03-15 20:00:00",202673871649.05
"2024-03-17 20:00:00",128707900338.64
"2024-03-19 20:00:00",188222137776.02
"2024-03-21 20:00:00",120862353646.27
"2024-03-23 20:00:00",74245811351.64
"2024-03-25 20:00:00",110347353369.4
"2024-03-27 20:00:00",116659911260.97
"2024-03-29 20:00:00",86138137159.96
"2024-03-31 20:00:00",66064724773.37
"2024-04-02 20:00:00",131737700307.84
"2024-04-04 20:00:00",96902671048.67
"2024-04-06 20:00:00",62177110399.09
"2024-04-08 20:00:00",97132434144.94
"2024-04-10 20:00:00",96004098380.2
"2024-04-12 20:00:00",127961832566.58
"2024-04-14 20:00:00",131235743503.22
"2024-04-16 20:00:00",103439194443.31
"2024-04-18 20:00:00",85381487149.36
"2024-04-20 20:00:00",62028256100.36
"2024-04-22 20:00:00",72717474279.15
"2024-04-24 20:00:00",85155293523.63
"2024-04-26 20:00:00",62712506894.43
"2024-04-28 20:00:00",50536955388.53
"2024-04-30 20:00:00",90167587988.28
"2024-05-02 20:00:00",75000422381.25
"2024-05-04 20:00:00",54860177487.08
"2024-05-06 20:00:00",73428276360.93
"2024-05-08 20:00:00",66713750869.78
"2024-05-10 20:00:00",68644656075.29
"2024-05-12 20:00:00",35871621702.28
"2024-05-14 20:00:00",75436102137.4
"2024-05-16 20:00:00",81099494492.18
"2024-05-18 20:00:00",51222827829.37
"2024-05-20 20:00:00",114445563764.61
"2024-05-22 20:00:00",99612466656.02
"2024-05-24 20:00:00",89233008495.94
"2024-05-26 20:00:00",58994734520.13
"2024-05-28 20:00:00",96330445389.8
"2024-05-30 20:00:00",84594934988.34
"2024-06-01 20:00:00",44005482579
"2024-06-03 20:00:00",85079944489.48
"2024-06-05 20:00:00",87137675027.71
"2024-06-07 20:00:00",106318544773.76
"2024-06-09 20:00:00",48502937747.85
"2024-06-11 20:00:00",94465545431.32
"2024-06-13 20:00:00",73787958080.16
"2024-06-15 20:00:00",46672913502.3
"2024-06-17 20:00:00",79142808653.58
"2024-06-19 20:00:00",62963090749.42
"2024-06-21 20:00:00",68697862970.81
"2024-06-23 20:00:00",38257668625.89
"2024-06-25 20:00:00",68632727854.96
"2024-06-27 20:00:00",59657917364.66
"2024-06-29 20:00:00",36085948903.29
"2024-07-01 20:00:00",59822087977.38
"2024-07-03 20:00:00",73488992939.08
"2024-07-05 20:00:00",131734133940.11
"2024-07-07 20:00:00",54899595424.36
"2024-07-09 20:00:00",67761765505.45
"2024-07-11 20:00:00",67665589952.3
"2024-07-13 20:00:00",44592603514.51
"2024-07-15 20:00:00",85500455679.31
"2024-07-17 20:00:00",79356242246.1
"2024-07-19 20:00:00",83941976631.53
"2024-07-21 20:00:00",66252880041.53
"2024-07-23 20:00:00",88025406742.96
"2024-07-25 20:00:00",91814770075.53
"2024-07-27 20:00:00",72217674805.18
"2024-07-29 20:00:00",83123679325.34
"2024-07-31 20:00:00",69922216071.8
"2024-08-02 20:00:00",91751031090.08
"2024-08-04 20:00:00",77898599707.53
"2024-08-06 20:00:00",107967649668.85
"2024-08-08 20:00:00",98283397437.81
"2024-08-10 20:00:00",41055786152.73
"2024-08-12 20:00:00",83445264713.66
"2024-08-14 20:00:00",67731750970.01
"2024-08-16 20:00:00",63712908469.27
"2024-08-18 20:00:00",44999813865.25
"2024-08-20 20:00:00",68034564199.9
"2024-08-22 20:00:00",58968878566.52
"2024-08-24 20:00:00",59245728073.15
"2024-08-26 20:00:00",65549489892.15
"2024-08-28 20:00:00",89070808304.89
"2024-08-30 20:00:00",68724335066.25
"2024-09-01 20:00:00",52493141460.48
"2024-09-03 20:00:00",56374571440.89
"2024-09-05 20:00:00",62228922504.72
"2024-09-07 20:00:00",44499826402.31
"2024-09-09 20:00:00",70315200668.07
"2024-09-11 20:00:00",71269216639.14
"2024-09-13 20:00:00",66228812902.73
"2024-09-15 20:00:00",44625319169.99
"2024-09-17 20:00:00",73883273105.33
"2024-09-19 20:00:00",89480599725.66
"2024-09-21 20:00:00",44991499938.85
"2024-09-23 20:00:00",78541441823.87
"2024-09-25 20:00:00",65767791465.29
"2024-09-27 20:00:00",79968173618.25
"2024-09-29 20:00:00",50991304060.36
"2024-10-01 20:00:00",115557490185.56
"2024-10-03 20:00:00",83022148305.14
"2024-10-05 20:00:00",39134337819.86
"2024-10-07 20:00:00",82089206773.05
"2024-10-09 20:00:00",67754785718.21
"2024-10-11 20:00:00",66984621163.97
"2024-10-13 20:00:00",48214149945.94
"2024-10-15 20:00:00",107860187482.33